{"root":[{"assemblyName":"Unity.AdaptivePerformance","nameSpace":"UnityEngine.AdaptivePerformance","className":"AdaptivePerformanceInitializer","methodName":"AutoInitialize","loadTypes":1,"isUnityClass":true},{"assemblyName":"Unity.AdaptivePerformance","nameSpace":"UnityEngine.AdaptivePerformance","className":"AdaptivePerformanceGeneralSettings","methodName":"AttemptInitializeAdaptivePerformanceOnLoad","loadTypes":2,"isUnityClass":true},{"assemblyName":"Unity.AdaptivePerformance","nameSpace":"UnityEngine.AdaptivePerformance","className":"AdaptivePerformanceGeneralSettings","methodName":"AttemptStartAdaptivePerformanceOnBeforeSplashScreen","loadTypes":3,"isUnityClass":true},{"assemblyName":"Unity.Collections","nameSpace":"","className":"__JobReflectionRegistrationOutput__2083455012","methodName":"EarlyInit","loadTypes":2,"isUnityClass":true},{"assemblyName":"Unity.Collections","nameSpace":"","className":"$BurstDirectCallInitializer","methodName":"Initialize","loadTypes":2,"isUnityClass":true},{"assemblyName":"Unity.Rendering.LightTransport.Runtime","nameSpace":"","className":"__JobReflectionRegistrationOutput__3320095647","methodName":"EarlyInit","loadTypes":2,"isUnityClass":true},{"assemblyName":"Unity.RenderPipelines.Core.Runtime","nameSpace":"UnityEngine.Experimental.Rendering","className":"XRSystem","methodName":"XRSystemInit","loadTypes":3,"isUnityClass":true},{"assemblyName":"Unity.RenderPipelines.Core.Runtime","nameSpace":"UnityEngine.Rendering","className":"DebugUpdater","methodName":"RuntimeInit","loadTypes":0,"isUnityClass":true},{"assemblyName":"Unity.RenderPipelines.Universal.Runtime","nameSpace":"","className":"__JobReflectionRegistrationOutput__1817323492","methodName":"EarlyInit","loadTypes":2,"isUnityClass":true},{"assemblyName":"Unity.VisualScripting.Core","nameSpace":"Unity.VisualScripting","className":"RuntimeVSUsageUtility","methodName":"RuntimeInitializeOnLoadBeforeSceneLoad","loadTypes":1,"isUnityClass":true}]}
